"123456","drafumi"
"111039","drafumi"
"USER_1","USER_1"
"USER_2","USER_2"
"USER_3","USER_3"
"USER_4","USER_4"
"USER_5","USER_5"
"USER_6","USER_6"
"USER_11","USER_11"
"USER_12","USER_12"
"USER_13","USER_13"
"USER_14","USER_14"
"USER_15","USER_15"
"USER_16","USER_16"
"USER_21","USER_21"
"USER_22","USER_22"
"USER_23","USER_23"
"USER_24","USER_24"
"USER_25","USER_25"
"USER_26","USER_26"
"USER_31","USER_31"
"USER_32","USER_32"
"USER_33","USER_33"
"USER_34","USER_34"
"USER_35","USER_35"
"USER_36","USER_36"
"USER_41","USER_41"
"USER_42","USER_42"
"USER_43","USER_43"
"USER_44","USER_44"
"USER_51","USER_51"
"USER_52","USER_52"
"USER_53","USER_53"
"USER_54","USER_54"
"USER_55","USER_55"
"USER_56","USER_56"
"USER_61","USER_61"
"USER_62","USER_62"
"USER_63","USER_63"
"USER_64","USER_64"
"AA999","9999"
